{"cameraMode":{"drawMode":0,"name":"Shaded","section":"Shading Mode"},"sceneLighting":true,"audioPlay":false,"sceneViewState":{"showFog":true,"showMaterialUpdate":false,"showSkybox":true,"showFlares":true,"showImageEffects":true,"showParticleSystems":true},"in2DMode":false,"pivot":{"x":-7.158089637756348,"y":16.442167282104493,"z":-0.11493873596191406},"rotation":{"x":-0.05762569233775139,"y":0.9397189617156982,"z":-0.19912511110305787,"w":-0.2719500958919525},"size":39.5319938659668,"orthographic":false}