{"cameraMode":{"drawMode":0,"name":"Shaded","section":"Shading Mode"},"sceneLighting":true,"audioPlay":false,"sceneViewState":{"showFog":true,"showMaterialUpdate":false,"showSkybox":true,"showFlares":true,"showImageEffects":true,"showParticleSystems":true},"in2DMode":false,"pivot":{"x":-6.368631362915039,"y":19.056060791015626,"z":7.468033790588379},"rotation":{"x":0.00036267799441702664,"y":0.9795029163360596,"z":-0.20142199099063874,"w":0.0017639488214626909},"size":24.557876586914064,"orthographic":false}