{"cameraMode":{"drawMode":0,"name":"Shaded","section":"Shading Mode"},"sceneLighting":true,"audioPlay":false,"sceneViewState":{"showFog":true,"showMaterialUpdate":false,"showSkybox":true,"showFlares":true,"showImageEffects":true,"showParticleSystems":true},"in2DMode":false,"pivot":{"x":8.529884338378907,"y":-8.593093872070313,"z":14.736846923828125},"rotation":{"x":-0.005790650378912687,"y":-0.9620983004570007,"z":0.2718702256679535,"w":-0.020492959767580034},"size":179.0362091064453,"orthographic":false}