{"cameraMode":{"drawMode":0,"name":"Shaded","section":"Shading Mode"},"sceneLighting":true,"audioPlay":false,"sceneViewState":{"showFog":true,"showMaterialUpdate":false,"showSkybox":true,"showFlares":true,"showImageEffects":true,"showParticleSystems":true},"in2DMode":false,"pivot":{"x":1.4892921447753907,"y":10.283618927001954,"z":4.474277496337891},"rotation":{"x":-0.11278801411390305,"y":0.8811560273170471,"z":-0.37494826316833498,"w":-0.265060156583786},"size":83.2764892578125,"orthographic":false}