{"cameraMode":{"drawMode":0,"name":"Shaded","section":"Shading Mode"},"sceneLighting":true,"audioPlay":false,"sceneViewState":{"showFog":true,"showMaterialUpdate":false,"showSkybox":true,"showFlares":true,"showImageEffects":true,"showParticleSystems":true},"in2DMode":false,"pivot":{"x":-3.5511326789855959,"y":-7.850807189941406,"z":13.765655517578125},"rotation":{"x":-0.005790650378912687,"y":-0.9620983004570007,"z":0.2718702256679535,"w":-0.020492959767580034},"size":152.77862548828126,"orthographic":false}